id,first_name,last_name,email,gender,ip_address
1,Edy,Connop,econnop0@dell.com,Female,2.243.234.31
2,Sisely,Creamer,screamer1@chron.com,Female,39.4.129.205
3,Anders,Houdmont,ahoudmont2@squarespace.com,Genderqueer,150.182.254.218
4,Reed,Frensch,rfrensch3@quantcast.com,Male,225.234.110.188
5,Maighdiln,Doman,mdoman4@army.mil,Female,246.207.142.174
6,Nata,Deppe,ndeppe5@howstuffworks.com,Female,104.33.218.14
7,Nell,Twelvetree,ntwelvetree6@edublogs.org,Female,229.85.154.70
8,Hildagard,Pounsett,hpounsett7@slate.com,Female,30.9.7.29
9,Mayer,Clapperton,mclapperton8@1688.com,Male,0.194.48.165
10,Barbabra,Osmond,bosmond9@globo.com,Female,17.15.107.64
11,Hillery,Larchiere,hlarchierea@shareasale.com,Male,244.135.255.30
12,Stirling,Seyler,sseylerb@wikipedia.org,Male,65.196.237.31
13,Jeri,Reddings,jreddingsc@ucsd.edu,Female,6.183.117.214
14,Jeramey,Akeherst,jakeherstd@ucoz.com,Genderfluid,212.113.14.22
15,Jeanna,Roft,jrofte@quantcast.com,Genderfluid,148.77.46.246
16,Miner,Haresign,mharesignf@sakura.ne.jp,Genderqueer,97.177.88.21
17,Shanan,Marginson,smarginsong@vk.com,Male,143.154.98.56
18,Remus,Bruckman,rbruckmanh@wiley.com,Male,211.175.125.28
19,Mirabella,Hodgen,mhodgeni@so-net.ne.jp,Female,9.83.223.194
20,Nerte,Shillabear,nshillabearj@chron.com,Female,33.8.237.134
21,Marysa,Grevatt,mgrevattk@amazon.de,Female,213.7.131.116
22,Shina,Rossetti,srossettil@shutterfly.com,Female,162.34.33.152
23,Cazzie,Bilney,cbilneym@independent.co.uk,Male,122.227.150.244
24,Tudor,Lowrie,tlowrien@chronoengine.com,Male,14.243.164.64
25,Gifford,Membry,gmembryo@csmonitor.com,Male,122.22.196.188
26,Carmine,Blazewski,cblazewskip@prlog.org,Female,178.77.221.4
27,Pamelina,Kemet,pkemetq@over-blog.com,Female,129.107.107.118
28,Regina,Gehrts,rgehrtsr@admin.ch,Female,237.82.28.171
29,Lesli,Ellison,lellisons@usnews.com,Female,238.244.58.136
30,Rona,Cinnamond,rcinnamondt@taobao.com,Female,179.204.252.205
31,Joshua,Learman,jlearmanu@bbb.org,Male,169.192.15.210
32,Toiboid,Yukhnevich,tyukhnevichv@eepurl.com,Genderfluid,12.100.137.142
33,Bobinette,Havenhand,bhavenhandw@shinystat.com,Female,229.157.174.79
34,Sammy,Mulran,smulranx@msn.com,Female,241.28.56.209
35,Cindra,Doberer,cdoberery@sina.com.cn,Female,83.4.235.194
36,Kameko,Curee,kcureez@uiuc.edu,Female,13.15.253.33
37,Wye,Norcliffe,wnorcliffe10@irs.gov,Male,133.67.139.233
38,Krispin,Benneyworth,kbenneyworth11@telegraph.co.uk,Male,103.206.125.132
39,Berty,Haggie,bhaggie12@scribd.com,Genderfluid,150.166.244.51
40,Alta,Bortoluzzi,abortoluzzi13@japanpost.jp,Non-binary,27.174.226.130
41,Adella,Christescu,achristescu14@4shared.com,Female,155.55.71.214
42,Benny,Vigers,bvigers15@amazon.de,Male,188.37.122.87
43,Gayla,Biglin,gbiglin16@huffingtonpost.com,Female,255.249.120.220
44,Tadeo,Chelam,tchelam17@usda.gov,Male,57.96.234.95
45,Van,Memory,vmemory18@ycombinator.com,Polygender,68.182.181.247
46,Georgeta,Ambrosini,gambrosini19@cloudflare.com,Agender,234.197.197.251
47,Parsifal,De Witt,pdewitt1a@dot.gov,Male,6.60.132.245
48,Cal,McTrustram,cmctrustram1b@creativecommons.org,Male,134.97.216.208
49,Bobby,Penfold,bpenfold1c@devhub.com,Male,232.36.212.202
50,Marlee,Caunt,mcaunt1d@vk.com,Female,166.121.216.174
51,Antoine,Gurden,agurden1e@engadget.com,Male,106.230.38.166
52,Roderic,Channon,rchannon1f@google.com.au,Male,51.248.200.173
53,Tuck,Dulieu,tdulieu1g@cnet.com,Male,104.242.193.134
54,Danyette,Dowglass,ddowglass1h@networksolutions.com,Female,150.45.162.105
55,Rab,Sissens,rsissens1i@usda.gov,Male,121.50.54.4
56,Cobby,Cadlock,ccadlock1j@economist.com,Polygender,63.176.100.20
57,Suzy,Himpson,shimpson1k@google.co.jp,Female,23.72.26.29
58,Boonie,Ormistone,bormistone1l@apache.org,Male,239.164.167.66
59,Lilllie,Pollen,lpollen1m@webmd.com,Non-binary,102.204.33.20
60,Basia,Mossom,bmossom1n@over-blog.com,Female,134.207.10.4
61,Gannie,Sturridge,gsturridge1o@lycos.com,Male,53.16.132.86
62,Sissie,Mugglestone,smugglestone1p@mapquest.com,Female,135.51.242.129
63,Tilly,Harmon,tharmon1q@reuters.com,Female,68.215.143.237
64,Leopold,Franzman,lfranzman1r@msu.edu,Male,174.172.97.86
65,Amalea,Charrington,acharrington1s@usda.gov,Female,120.231.79.207
66,Ambrosi,Berardt,aberardt1t@quantcast.com,Male,199.2.182.92
67,Patrica,Parmeter,pparmeter1u@slashdot.org,Female,175.222.15.245
68,Rickey,Ziem,rziem1v@noaa.gov,Male,194.46.153.52
69,Boy,Couzens,bcouzens1w@spotify.com,Male,129.252.86.231
70,Chloette,Leinster,cleinster1x@wordpress.com,Female,97.130.47.145
71,Ricard,Kemmet,rkemmet1y@spotify.com,Male,190.41.190.38
72,Rhody,Schwier,rschwier1z@amazon.de,Female,84.206.198.15
73,Antonina,Gawkes,agawkes20@etsy.com,Female,237.104.105.0
74,Con,Bartolacci,cbartolacci21@people.com.cn,Male,5.184.73.147
75,Vittorio,Frankham,vfrankham22@netlog.com,Genderqueer,142.102.68.31
76,Cariotta,Prando,cprando23@wikipedia.org,Female,37.57.247.4
77,Brnaby,Shermar,bshermar24@baidu.com,Male,253.95.247.59
78,Vladamir,Oxbrow,voxbrow25@sourceforge.net,Male,252.144.100.4
79,Reta,Moline,rmoline26@google.com,Female,253.92.224.200
80,Mellisa,Banford,mbanford27@surveymonkey.com,Female,5.167.85.150
81,Yehudit,Liepina,yliepina28@ihg.com,Male,139.5.56.9
82,Lesley,Denyukhin,ldenyukhin29@sphinn.com,Male,98.178.60.52
83,Coral,Carlucci,ccarlucci2a@google.nl,Genderfluid,144.250.8.61
84,Vanda,Merryweather,vmerryweather2b@sakura.ne.jp,Female,184.219.112.41
85,Estelle,Gindghill,egindghill2c@skype.com,Female,179.192.202.90
86,Rea,Cantua,rcantua2d@geocities.jp,Female,253.246.30.214
87,Bamby,Lummus,blummus2e@facebook.com,Female,208.96.246.202
88,Forster,Drysdale,fdrysdale2f@aol.com,Male,249.20.132.9
89,Wendi,Eamer,weamer2g@jalbum.net,Female,155.225.15.42
90,Loree,Van der Beken,lvanderbeken2h@ovh.net,Female,152.58.125.167
91,Margarette,Kilban,mkilban2i@wikia.com,Female,124.131.190.89
92,Benedetta,Stitch,bstitch2j@blogtalkradio.com,Female,34.226.224.28
93,Karola,Sipson,ksipson2k@yahoo.co.jp,Female,91.112.155.205
94,Ase,Strotton,astrotton2l@fotki.com,Male,120.151.138.149
95,Hadley,Elsmore,helsmore2m@howstuffworks.com,Male,129.147.181.31
96,Gizela,Caulkett,gcaulkett2n@salon.com,Female,32.80.235.119
97,Madison,Zottoli,mzottoli2o@shutterfly.com,Male,122.243.185.216
98,Timmy,Swayton,tswayton2p@intel.com,Genderfluid,213.134.158.252
99,Kirstin,Anshell,kanshell2q@hibu.com,Genderqueer,188.145.165.41
100,Glori,O'Sharry,gosharry2r@wikia.com,Female,182.23.9.121
